{
  "miejscowosci": [
    { "nazwa": "Adamowo", "lokalizacja": "woj. warmińsko-mazurskie, pow. elbląski", "inne_nazwy": ["Ellerwald"] },
    { "nazwa": "Anglity", "lokalizacja": "woj. warmińsko-mazurskie, pow. elbląski", "inne_nazwy": ["Angnitten"] },
    { "nazwa": "Aniołowo", "lokalizacja": "woj. warmińsko-mazurskie, pow. elbląski", "inne_nazwy": ["Rapendorf"] },
    { "nazwa": "Antomieszki", "lokalizacja": "woj. warmińsko-mazurskie, pow. gołdapski", "inne_nazwy": ["Antmeschken"] },
    { "nazwa": "Anuszewo", "lokalizacja": "woj. warmińsko-mazurskie, pow. piski", "inne_nazwy": ["Annussewen"] },
    { "nazwa": "Arklity", "lokalizacja": "woj. warmińsko-mazurskie, pow. kętrzyński", "inne_nazwy": ["Arklitten"] },
    { "nazwa": "Asuny", "lokalizacja": "woj. warmińsko-mazurskie, pow. kętrzyński", "inne_nazwy": ["Assaunen"] },
    { "nazwa": "Audyniszki", "lokalizacja": "woj. warmińsko-mazurskie, pow. gołdapski", "inne_nazwy": ["Audinischken"] },
    { "nazwa": "Augamy", "lokalizacja": "woj. warmińsko-mazurskie, pow. bartoszycki", "inne_nazwy": ["Augam"] },
    { "nazwa": "Augustyny", "lokalizacja": "woj. warmińsko-mazurskie, pow. lidzbarski", "inne_nazwy": ["Agstein"] },
    { "nazwa": "Awajki", "lokalizacja": "woj. warmińsko-mazurskie, pow. elbląski", "inne_nazwy": ["Awecken"] },

    { "nazwa": "Babiak", "lokalizacja": "woj. warmińsko-mazurskie, pow. lidzbarski", "inne_nazwy": ["Frauendorf"] },
    { "nazwa": "Babieniec", "lokalizacja": "woj. warmińsko-mazurskie, pow. kętrzyński", "inne_nazwy": ["Babziens"] },
    { "nazwa": "Babięta", "lokalizacja": "woj. warmińsko-mazurskie, pow. mrągowski", "inne_nazwy": ["Babenten"] },
    { "nazwa": "Babięty", "lokalizacja": "woj. warmińsko-mazurskie, pow. szczycieński", "inne_nazwy": ["Babenten"] },
    { "nazwa": "Babięty Wielkie", "lokalizacja": "woj. warmińsko-mazurskie, pow. iławski", "inne_nazwy": ["Gross Babenz"] },
    { "nazwa": "Babki Oleckie", "lokalizacja": "woj. warmińsko-mazurskie, pow. olecki", "inne_nazwy": ["Legenquell"] },
    { "nazwa": "Babrosty", "lokalizacja": "woj. warmińsko-mazurskie, pow. piski", "inne_nazwy": ["Babrosten"] },
    { "nazwa": "Bagienice", "lokalizacja": "woj. warmińsko-mazurskie, pow. mrągowski", "inne_nazwy": ["Althöfen"] },
    { "nazwa": "Bagienice Małe", "lokalizacja": "woj. warmińsko-mazurskie, pow. mrągowski", "inne_nazwy": ["Bruchwalde"] },
    { "nazwa": "Bagnity", "lokalizacja": "woj. warmińsko-mazurskie, pow. ostródzki", "inne_nazwy": ["Bagnitten"] },
    { "nazwa": "Bajdy", "lokalizacja": "woj. warmińsko-mazurskie, pow. iławski", "inne_nazwy": ["Boyden"] },
    { "nazwa": "Bajdyty", "lokalizacja": "woj. warmińsko-mazurskie, pow. bartoszycki", "inne_nazwy": ["Beyditten"] },
    { "nazwa": "Bajorski Gaj", "lokalizacja": "woj. warmińsko-mazurskie, pow. kętrzyński", "inne_nazwy": ["Bajohrenwalde", "Blankenwalde"] },
    { "nazwa": "Bajory Małe", "lokalizacja": "woj. warmińsko-mazurskie, pow. kętrzyński", "inne_nazwy": ["Klein Bajohren"] },
    { "nazwa": "Bajory Wielkie", "lokalizacja": "woj. warmińsko-mazurskie, pow. kętrzyński", "inne_nazwy": ["Groß Bajohren"] },
    { "nazwa": "Bajtkowo", "lokalizacja": "woj. warmińsko-mazurskie, pow. ełcki", "inne_nazwy": ["Baitkowen"] },
    { "nazwa": "Balewo", "lokalizacja": "woj. warmińsko-mazurskie, pow. elbląski", "inne_nazwy": ["Groß Bredsende"] },
    { "nazwa": "Bałąg", "lokalizacja": "woj. warmińsko-mazurskie, pow. olsztyński", "inne_nazwy": ["Ballingen"] },
    { "nazwa": "Bałdy", "lokalizacja": "woj. warmińsko-mazurskie, pow. olsztyński", "inne_nazwy": ["Balden"] },
    { "nazwa": "Bałoszyce", "lokalizacja": "woj. warmińsko-mazurskie, pow. iławski", "inne_nazwy": ["Gross Bellschwitz"] },
    { "nazwa": "Bałowo", "lokalizacja": "woj. warmińsko-mazurskie, pow. mrągowski", "inne_nazwy": ["Ballau"] },
    { "nazwa": "Banaszki", "lokalizacja": "woj. warmińsko-mazurskie, pow. kętrzyński", "inne_nazwy": ["Gut Banaskeim a. Bannaskeim"] },
    { "nazwa": "Banie Mazurskie", "lokalizacja": "woj. warmińsko-mazurskie, pow. gołdapski", "inne_nazwy": ["Benkheim"] },
    { "nazwa": "Barciany", "lokalizacja": "woj. warmińsko-mazurskie, pow. kętrzyński", "inne_nazwy": ["Barten"] },
    { "nazwa": "Barczewko", "lokalizacja": "woj. warmińsko-mazurskie, pow. olsztyński", "inne_nazwy": ["Alt Wartenburg"] },
    { "nazwa": "Barczewo", "lokalizacja": "woj. warmińsko-mazurskie, pow. olsztyński", "inne_nazwy": ["Wartenburg (in Ostpreußen)"] },
    { "nazwa": "Bartąg", "lokalizacja": "woj. warmińsko-mazurskie, pow. olsztyński", "inne_nazwy": ["Bertung"] },
    { "nazwa": "Bartoszyce", "lokalizacja": "woj. warmińsko-mazurskie, pow. bartoszycki", "inne_nazwy": ["Bartenstein"] },
    { "nazwa": "Bezławki", "lokalizacja": "woj. warmińsko-mazurskie, pow. kętrzyński", "inne_nazwy": ["Bäslack"] },
    { "nazwa": "Bęsia", "lokalizacja": "woj. warmińsko-mazurskie, pow. olsztyński", "inne_nazwy": ["Bansen"] },
    { "nazwa": "Biała Piska", "lokalizacja": "woj. warmińsko-mazurskie, pow. piski", "inne_nazwy": ["Bialla"] },
    { "nazwa": "Biała Wola", "lokalizacja": "woj. warmińsko-mazurskie, pow. lidzbarski", "inne_nazwy": ["Dittrichsdorf"] },
    { "nazwa": "Białuty", "lokalizacja": "woj. warmińsko-mazurskie, pow. działdowski", "inne_nazwy": ["Bialutten"] },
    { "nazwa": "Biedaszki", "lokalizacja": "woj. warmińsko-mazurskie, pow. kętrzyński", "inne_nazwy": ["Biedasken", "Groß Neuhof"] },
    { "nazwa": "Bielnik Drugi", "lokalizacja": "woj. warmińsko-mazurskie, pow. elbląski", "inne_nazwy": ["Bollwerk"] },
    { "nazwa": "Biesowo", "lokalizacja": "woj. warmińsko-mazurskie, pow. olsztyński", "inne_nazwy": ["Groß Bößau"] },
    { "nazwa": "Biesówko", "lokalizacja": "woj. warmińsko-mazurskie, pow. olsztyński", "inne_nazwy": ["Klein Bößau"] },
    { "nazwa": "Biskupiec", "lokalizacja": "woj. warmińsko-mazurskie, pow. olsztyński", "inne_nazwy": ["Bischofsburg"] },
    { "nazwa": "Bisztynek", "lokalizacja": "woj. warmińsko-mazurskie, pow. bartoszycki", "inne_nazwy": ["Bischofstein"] },
    { "nazwa": "Boryty", "lokalizacja": "woj. warmińsko-mazurskie, pow. bartoszycki", "inne_nazwy": ["Boritten"] },
    { "nazwa": "Braniewo", "lokalizacja": "woj. warmińsko-mazurskie, pow. braniewski", "inne_nazwy": ["Braunsberg"] },
    { "nazwa": "Budry", "lokalizacja": "woj. warmińsko-mazurskie, pow. węgorzewski", "inne_nazwy": ["Buddern"] },
    { "nazwa": "Burkat", "lokalizacja": "woj. warmińsko-mazurskie, pow. działdowski", "inne_nazwy": ["Borchersdorf"] },

    { "nazwa": "Czarna Grobla", "lokalizacja": "woj. warmińsko-mazurskie, pow. elbląski", "inne_nazwy": ["Schwarzdamm"] },
    { "nazwa": "Czerniki", "lokalizacja": "woj. warmińsko-mazurskie, pow. kętrzyński", "inne_nazwy": ["Schwarzstein"] },
    { "nazwa": "Czerwonka", "lokalizacja": "woj. warmińsko-mazurskie, pow. olsztyński", "inne_nazwy": ["Rothfließ"] },

    { "nazwa": "Dąbrówno", "lokalizacja": "woj. warmińsko-mazurskie, pow. ostródzki", "inne_nazwy": ["Gilgenburg"] },
    { "nazwa": "Dobre Miasto", "lokalizacja": "woj. warmińsko-mazurskie, pow. olsztyński", "inne_nazwy": ["Guttstadt"] },
    { "nazwa": "Dobrocin", "lokalizacja": "woj. warmińsko-mazurskie, pow. ostródzki", "inne_nazwy": ["Alt Bestendorf"] },
    { "nazwa": "Domarady", "lokalizacja": "woj. warmińsko-mazurskie, pow. bartoszycki", "inne_nazwy": ["Dompendehl"] },
    { "nazwa": "Dorotowo", "lokalizacja": "woj. warmińsko-mazurskie, pow. olsztyński", "inne_nazwy": ["Dorothowo", "Darethen"] },
    { "nazwa": "Drogosze", "lokalizacja": "woj. warmińsko-mazurskie, pow. kętrzyński", "inne_nazwy": ["Groß Wolfsdorf"] },
    { "nazwa": "Dubeninki", "lokalizacja": "woj. warmińsko-mazurskie, pow. gołdapski", "inne_nazwy": ["Dubeningken", "Dubeningen"] },
    { "nazwa": "Dylewko", "lokalizacja": "woj. warmińsko-mazurskie, pow. ostródzki", "inne_nazwy": ["Elisenhof"] },
    { "nazwa": "Dylewo", "lokalizacja": "woj. warmińsko-mazurskie, pow. ostródzki", "inne_nazwy": ["Döhlau"] },
    { "nazwa": "Działdowo", "lokalizacja": "woj. warmińsko-mazurskie, pow. działdowski", "inne_nazwy": ["Soldau"] },
    { "nazwa": "Dziurdziewo", "lokalizacja": "woj. warmińsko-mazurskie, pow. nidzicki", "inne_nazwy": ["Dziurdziau", "Thalheim"] },
    { "nazwa": "Dźwierzuty", "lokalizacja": "woj. warmińsko-mazurskie, pow. szczycieński", "inne_nazwy": ["Mensguth"] },

    { "nazwa": "Elbląg", "lokalizacja": "woj. warmińsko-mazurskie, miasto Elbląg", "inne_nazwy": ["Elbing"] },
    { "nazwa": "Elganowo", "lokalizacja": "woj. warmińsko-mazurskie, pow. szczycieński", "inne_nazwy": ["Gilgenau"] },
    { "nazwa": "Ełk", "lokalizacja": "woj. warmińsko-mazurskie, pow. ełcki", "inne_nazwy": ["Lyck"] },

    { "nazwa": "Franciszkowo", "lokalizacja": "woj. warmińsko-mazurskie, pow. iławski", "inne_nazwy": ["Freudenthal"] },
    { "nazwa": "Frąknowo", "lokalizacja": "woj. warmińsko-mazurskie, pow. nidzicki", "inne_nazwy": ["Frankenau"] },
    { "nazwa": "Frednowy", "lokalizacja": "woj. warmińsko-mazurskie, pow. iławski", "inne_nazwy": ["Frödenau"] },
    { "nazwa": "Frombork", "lokalizacja": "woj. warmińsko-mazurskie, pow. braniewski", "inne_nazwy": ["Frauenburg"] },

    { "nazwa": "Gardyny", "lokalizacja": "woj. warmińsko-mazurskie, pow. ostródzki", "inne_nazwy": ["Groß Gardienen"] },
    {"nazwa": "Gdańsk","lokalizacja": "woj. pomorskie, pow. m. Gdańsk","inne_nazwy": ["Danzig"] },
    { "nazwa": "Gierłoż", "lokalizacja": "woj. warmińsko-mazurskie, pow. ostródzki", "inne_nazwy": ["Görlitz"] },
    { "nazwa": "Gierłoż Polska", "lokalizacja": "woj. warmińsko-mazurskie, pow. iławski", "inne_nazwy": ["Groß Görlitz"] },
    { "nazwa": "Gietrzwałd", "lokalizacja": "woj. warmińsko-mazurskie, pow. olsztyński", "inne_nazwy": ["Dietrichswalde"] },
    { "nazwa": "Giżycko", "lokalizacja": "woj. warmińsko-mazurskie, pow. giżycki", "inne_nazwy": ["Lötzen"] },
    { "nazwa": "Gołdap", "lokalizacja": "woj. warmińsko-mazurskie, pow. gołdapski", "inne_nazwy": ["Goldap"] },
    { "nazwa": "Górowo Iławeckie", "lokalizacja": "woj. warmińsko-mazurskie, pow. bartoszycki", "inne_nazwy": ["Landsberg"] },
    { "nazwa": "Gromoty", "lokalizacja": "woj. warmińsko-mazurskie, pow. iławski", "inne_nazwy": ["Gramten"] },
    { "nazwa": "Gronowo", "lokalizacja": "woj. warmińsko-mazurskie, pow. elbląski", "inne_nazwy": ["Grunau"] },
    { "nazwa": "Gronowo Górne", "lokalizacja": "woj. warmińsko-mazurskie, pow. elbląski", "inne_nazwy": ["Grunau Höhe"] },
    { "nazwa": "Grunwald", "lokalizacja": "woj. warmińsko-mazurskie, pow. ostródzki", "inne_nazwy": ["Grünfelde"] },
    { "nazwa": "Gryźliny", "lokalizacja": "woj. warmińsko-mazurskie, pow. olsztyński", "inne_nazwy": ["Grieslienen"] },
    { "nazwa": "Gumniska Wielkie", "lokalizacja": "woj. warmińsko-mazurskie, pow. ostródzki", "inne_nazwy": ["Groß Rüppertswalde"] },

    { "nazwa": "Iława", "lokalizacja": "woj. warmińsko-mazurskie, pow. iławski", "inne_nazwy": ["Deutsch Eylau"] },

    { "nazwa": "Janowo (Janów)", "lokalizacja": "woj. warmińsko-mazurskie, pow. nidzicki", "inne_nazwy": ["Iwanken"] },
    { "nazwa": "Jedwabno", "lokalizacja": "woj. warmińsko-mazurskie, pow. szczycieński", "inne_nazwy": ["Gedwangen"] },
    { "nazwa": "Jeziorany", "lokalizacja": "woj. warmińsko-mazurskie, pow. olsztyński", "inne_nazwy": ["Seeburg"] },

    { "nazwa": "Kadyny", "lokalizacja": "woj. warmińsko-mazurskie, pow. elbląski", "inne_nazwy": ["Cadinen"] },
    { "nazwa": "Kalinowo", "lokalizacja": "woj. warmińsko-mazurskie, pow. ełcki", "inne_nazwy": ["Kallinowen", "Dreimühlen"] },
    { "nazwa": "Kanigowo", "lokalizacja": "woj. warmińsko-mazurskie, pow. nidzicki", "inne_nazwy": ["Kandien"] },
    { "nazwa": "Karczowiska Górne", "lokalizacja": "woj. warmińsko-mazurskie, pow. elbląski", "inne_nazwy": ["Oberkerbswalde"] },
    { "nazwa": "Kępa Rybacka", "lokalizacja": "woj. warmińsko-mazurskie, pow. elbląski", "inne_nazwy": ["Fischerskampe"] },
    { "nazwa": "Kętrzyn", "lokalizacja": "woj. warmińsko-mazurskie, pow. kętrzyński", "inne_nazwy": ["Rastenburg"] },
    { "nazwa": "Kisielice", "lokalizacja": "woj. warmińsko-mazurskie, pow. iławski", "inne_nazwy": ["Freystadt (in Westpreußen)"] },
    { "nazwa": "Klewki", "lokalizacja": "woj. warmińsko-mazurskie, pow. olsztyński", "inne_nazwy": ["Klaukendorf"] },
    { "nazwa": "Kołatek", "lokalizacja": "woj. warmińsko-mazurskie, pow. olsztyński", "inne_nazwy": ["Schlagamühle"] },
    { "nazwa": "Korsze", "lokalizacja": "woj. warmińsko-mazurskie, pow. kętrzyński", "inne_nazwy": ["Korschen"] },
    { "nazwa": "Koszelewki", "lokalizacja": "woj. warmińsko-mazurskie, pow. działdowski", "inne_nazwy": ["Klein Koschlau"] },
    { "nazwa": "Koszelewy", "lokalizacja": "woj. warmińsko-mazurskie, pow. działdowski", "inne_nazwy": ["Groß Koschlau"] },
    { "nazwa": "Kot", "lokalizacja": "woj. warmińsko-mazurskie, pow. szczycieński", "inne_nazwy": ["Omulefofen (Omulefoffen)"] },
    { "nazwa": "Kowale Oleckie", "lokalizacja": "woj. warmińsko-mazurskie, pow. olecki", "inne_nazwy": ["Kowahlen"] },
    { "nazwa": "Kozłowo", "lokalizacja": "woj. warmińsko-mazurskie, pow. nidzicki", "inne_nazwy": ["Koslau"] },
    { "nazwa": "Kraskowo", "lokalizacja": "woj. warmińsko-mazurskie, pow. kętrzyński", "inne_nazwy": ["Schönfließ"] },
    { "nazwa": "Kruklanki", "lokalizacja": "woj. warmińsko-mazurskie, pow. giżycki", "inne_nazwy": ["Kruglanken"] },
    { "nazwa": "Kumielsk", "lokalizacja": "woj. warmińsko-mazurskie, pow. piski", "inne_nazwy": ["Kumilsko", "Morgen"] },
    { "nazwa": "Kunki", "lokalizacja": "woj. warmińsko-mazurskie, pow. olsztyński", "inne_nazwy": ["Kuchengut (Kunchengut)"] },

    { "nazwa": "Leszcz", "lokalizacja": "woj. warmińsko-mazurskie, pow. ostródzki", "inne_nazwy": ["Heeselicht"] },
    { "nazwa": "Lidzbark", "lokalizacja": "woj. warmińsko-mazurskie, pow. działdowski", "inne_nazwy": ["Lautenburg"] },
    { "nazwa": "Lidzbark Warmiński", "lokalizacja": "woj. warmińsko-mazurskie, pow. lidzbarski", "inne_nazwy": ["Heilsberg"] },
    { "nazwa": "Lubawa", "lokalizacja": "woj. warmińsko-mazurskie, pow. iławski", "inne_nazwy": ["Löbau"] },
    { "nazwa": "Lutek", "lokalizacja": "woj. warmińsko-mazurskie, pow. olsztyński", "inne_nazwy": ["Luttken"] },
    { "nazwa": "Łabędnik", "lokalizacja": "woj. warmińsko-mazurskie, pow. bartoszycki", "inne_nazwy": ["Groß Schwansfeld"] },
    { "nazwa": "Łysonie", "lokalizacja": "woj. warmińsko-mazurskie, pow. piski", "inne_nazwy": ["Lissuhnen (Lyssuhnen)"] },
    { "nazwa": "Łyna", "lokalizacja": "woj. warmińsko-mazurskie, pow. nidzicki", "inne_nazwy": ["Lahna"] },

    { "nazwa": "Malinówka Wielka", "lokalizacja": "woj. warmińsko-mazurskie, pow. ełcki", "inne_nazwy": ["Groß Malinowken", "Großschmieden"] },
    { "nazwa": "Mamerki", "lokalizacja": "woj. warmińsko-mazurskie, pow. kętrzyński", "inne_nazwy": ["Mauerwald"] },
    { "nazwa": "Mątyki", "lokalizacja": "woj. warmińsko-mazurskie, pow. iławski", "inne_nazwy": ["Montig"] },
    { "nazwa": "Mielno", "lokalizacja": "woj. warmińsko-mazurskie, pow. ostródzki", "inne_nazwy": ["Mühlen"] },
    { "nazwa": "Mierki", "lokalizacja": "woj. warmińsko-mazurskie, pow. olsztyński", "inne_nazwy": ["Mörken"] },
    { "nazwa": "Mikołajki", "lokalizacja": "woj. warmińsko-mazurskie, pow. mrągowski", "inne_nazwy": ["Nikolaiken"] },
    { "nazwa": "Miłakowo", "lokalizacja": "woj. warmińsko-mazurskie, pow. ostródzki", "inne_nazwy": ["Liebstadt"] },
    { "nazwa": "Miłki", "lokalizacja": "woj. warmińsko-mazurskie, pow. giżycki", "inne_nazwy": ["Milken"] },
    { "nazwa": "Miłomłyn", "lokalizacja": "woj. warmińsko-mazurskie, pow. ostródzki", "inne_nazwy": ["Liebemühl"] },
    { "nazwa": "Młynary", "lokalizacja": "woj. warmińsko-mazurskie, pow. elbląski", "inne_nazwy": ["Mühlhausen"] },
    { "nazwa": "Módłki", "lokalizacja": "woj. warmińsko-mazurskie, pow. nidzicki", "inne_nazwy": ["Modlken"] },
    { "nazwa": "Morąg", "lokalizacja": "woj. warmińsko-mazurskie, pow. ostródzki", "inne_nazwy": ["Mohrungen"] },
    { "nazwa": "Mrągowo", "lokalizacja": "woj. warmińsko-mazurskie, pow. mrągowski", "inne_nazwy": ["Sensburg"] },
    { "nazwa": "Muszaki", "lokalizacja": "woj. warmińsko-mazurskie, pow. nidzicki", "inne_nazwy": ["Muschaken"] },
    { "nazwa": "Myki", "lokalizacja": "woj. warmińsko-mazurskie, pow. olsztyński", "inne_nazwy": ["Micken"] },

    { "nazwa": "Nadrowo", "lokalizacja": "woj. warmińsko-mazurskie, pow. olsztyński", "inne_nazwy": ["Nadrau"] },
    { "nazwa": "Nakomiady", "lokalizacja": "woj. warmińsko-mazurskie, pow. kętrzyński", "inne_nazwy": ["Eichmedien"] },
    { "nazwa": "Napiwoda", "lokalizacja": "woj. warmińsko-mazurskie, pow. nidzicki", "inne_nazwy": ["Grünfließ"] },
    { "nazwa": "Nidzica", "lokalizacja": "woj. warmińsko-mazurskie, pow. nidzicki", "inne_nazwy": ["Neidenburg"] },
    { "nazwa": "Nory", "lokalizacja": "woj. warmińsko-mazurskie, pow. olecki", "inne_nazwy": ["Nordental"] },
    { "nazwa": "Nowa Pasłęka", "lokalizacja": "woj. warmińsko-mazurskie, pow. braniewski", "inne_nazwy": ["Neu Passarge"] },
    { "nazwa": "Nowe Kawkowo", "lokalizacja": "woj. warmińsko-mazurskie, pow. olsztyński", "inne_nazwy": ["Neu-Kockendorf"] },
    { "nazwa": "Nowe Miasto Lubawskie", "lokalizacja": "woj. warmińsko-mazurskie, pow. nowomiejski", "inne_nazwy": ["Neumark"] },
    { "nazwa": "Nowy Dwór", "lokalizacja": "woj. warmińsko-mazurskie, pow. szczycieński", "inne_nazwy": ["Neuhof"] },
    { "nazwa": "Nowy Dwór Elbląski", "lokalizacja": "woj. warmińsko-mazurskie, pow. elbląski", "inne_nazwy": ["Neuhof"] },

    { "nazwa": "Ogrodzieniec", "lokalizacja": "woj. warmińsko-mazurskie, pow. iławski", "inne_nazwy": ["Neudeck"] },
    { "nazwa": "Olecko", "lokalizacja": "woj. warmińsko-mazurskie, pow. olecki", "inne_nazwy": ["Marggrabowa", "Treuburg"] },
    { "nazwa": "Oleśno", "lokalizacja": "woj. warmińsko-mazurskie, pow. elbląski", "inne_nazwy": ["Preußisch Königsdorf"] },
    { "nazwa": "Olsztyn", "lokalizacja": "woj. warmińsko-mazurskie, miasto Olsztyn", "inne_nazwy": ["Allenstein"] },
    { "nazwa": "Olsztynek", "lokalizacja": "woj. warmińsko-mazurskie, pow. olsztyński", "inne_nazwy": ["Hohenstein (in Ostpreußen)"] },
    { "nazwa": "Orłowo", "lokalizacja": "woj. warmińsko-mazurskie, pow. nidzicki", "inne_nazwy": ["Orlau"] },
    { "nazwa": "Orneta", "lokalizacja": "woj. warmińsko-mazurskie, pow. lidzbarski", "inne_nazwy": ["Wormditt"] },
    { "nazwa": "Orzysz", "lokalizacja": "woj. warmińsko-mazurskie, pow. piski", "inne_nazwy": ["Arys"] },
    { "nazwa": "Ostróda", "lokalizacja": "woj. warmińsko-mazurskie, pow. ostródzki", "inne_nazwy": ["Osterode"] },

    { "nazwa": "Pasłęk", "lokalizacja": "woj. warmińsko-mazurskie, pow. elbląski", "inne_nazwy": ["Preußisch Holland"] },
    { "nazwa": "Pasym", "lokalizacja": "woj. warmińsko-mazurskie, pow. szczycieński", "inne_nazwy": ["Passenheim"] },
    { "nazwa": "Pieckowo", "lokalizacja": "woj. warmińsko-mazurskie, pow. kętrzyński", "inne_nazwy": ["Pötschendorf"] },
    { "nazwa": "Pieniężno", "lokalizacja": "woj. warmińsko-mazurskie, pow. braniewski", "inne_nazwy": ["Mehlsack"] },
    { "nazwa": "Pisz", "lokalizacja": "woj. warmińsko-mazurskie, pow. piski", "inne_nazwy": ["Johannisburg"] },
    { "nazwa": "Pluski", "lokalizacja": "woj. warmińsko-mazurskie, pow. olsztyński", "inne_nazwy": ["Plautzig"] },
    { "nazwa": "Płośnica", "lokalizacja": "woj. warmińsko-mazurskie, pow. działdowski", "inne_nazwy": ["Heinrichsdorf"] },
    { "nazwa": "Podgrodzie", "lokalizacja": "woj. warmińsko-mazurskie, pow. elbląski", "inne_nazwy": ["Neukirch Höhe"] },
    { "nazwa": "Pozezdrze", "lokalizacja": "woj. warmińsko-mazurskie, pow. węgorzewski", "inne_nazwy": ["Possessern", "Grossgarten"] },
    { "nazwa": "Prostki", "lokalizacja": "woj. warmińsko-mazurskie, pow. ełcki", "inne_nazwy": ["Prostken"] },

    { "nazwa": "Raczki Elbląskie", "lokalizacja": "woj. warmińsko-mazurskie, pow. elbląski", "inne_nazwy": ["Unterkrebswalde"] },
    { "nazwa": "Reszel", "lokalizacja": "woj. warmińsko-mazurskie, pow. kętrzyński", "inne_nazwy": ["Rössel"] },
    { "nazwa": "Różany", "lokalizacja": "woj. warmińsko-mazurskie, pow. elbląski", "inne_nazwy": ["Alt Rosengart"] },
    { "nazwa": "Rudzienice", "lokalizacja": "woj. warmińsko-mazurskie, pow. iławski", "inne_nazwy": ["Raudnitz"] },
    { "nazwa": "Rutkowice", "lokalizacja": "woj. warmińsko-mazurskie, pow. działdowski", "inne_nazwy": ["Ruttkowitz"] },
    { "nazwa": "Rydzewo", "lokalizacja": "woj. warmińsko-mazurskie, pow. giżycki", "inne_nazwy": ["Rydzewen", "Rotwalde"] },
    { "nazwa": "Ryn", "lokalizacja": "woj. warmińsko-mazurskie, pow. giżycki", "inne_nazwy": ["Rhein"] },
    { "nazwa": "Rzeck", "lokalizacja": "woj. warmińsko-mazurskie, pow. olsztyński", "inne_nazwy": ["Ridbach"] },

    { "nazwa": "Samborowo", "lokalizacja": "woj. warmińsko-mazurskie, pow. ostródzki", "inne_nazwy": ["Bergfriede"] },
    { "nazwa": "Sarnowo", "lokalizacja": "woj. warmińsko-mazurskie, pow. nidzicki", "inne_nazwy": ["Scharnau"] },
    { "nazwa": "Sępopol", "lokalizacja": "woj. warmińsko-mazurskie, pow. bartoszycki", "inne_nazwy": ["Schippenbeil"] },
    { "nazwa": "Sławka Wielka", "lokalizacja": "woj. warmińsko-mazurskie, pow. nidzicki", "inne_nazwy": ["Groß Schläfken"] },
    { "nazwa": "Smolajny", "lokalizacja": "woj. warmińsko-mazurskie, pow. olsztyński", "inne_nazwy": ["Schmolainen"] },
    { "nazwa": "Spychowo", "lokalizacja": "woj. warmińsko-mazurskie, pow. szczycieński", "inne_nazwy": ["Poppen"] },
    { "nazwa": "Srokowo", "lokalizacja": "woj. warmińsko-mazurskie, pow. kętrzyński", "inne_nazwy": ["Drengfurt"] },
    { "nazwa": "Stanowo", "lokalizacja": "woj. warmińsko-mazurskie, pow. iławski", "inne_nazwy": ["Steenkendorf"] },
    { "nazwa": "Stare Dolno", "lokalizacja": "woj. warmińsko-mazurskie, pow. elbląski", "inne_nazwy": ["Alt Dollstadt"] },
    { "nazwa": "Stare Gajdzie", "lokalizacja": "woj. warmińsko-mazurskie, pow. gołdapski", "inne_nazwy": ["Alt Balluponen", "Schanzenhöh"] },
    { "nazwa": "Stare Juchy", "lokalizacja": "woj. warmińsko-mazurskie, pow. ełcki", "inne_nazwy": ["Alt Jucha", "Fließdorf"] },
    { "nazwa": "Stegny", "lokalizacja": "woj. warmińsko-mazurskie, pow. elbląski", "inne_nazwy": ["Steegen"] },
    { "nazwa": "Stębark", "lokalizacja": "woj. warmińsko-mazurskie, pow. ostródzki", "inne_nazwy": ["Tannenberg"] },
    { "nazwa": "Straduny", "lokalizacja": "woj. warmińsko-mazurskie, pow. ełcki", "inne_nazwy": ["Stradaunen"] },
    { "nazwa": "Strzelniki", "lokalizacja": "woj. warmińsko-mazurskie, pow. piski", "inne_nazwy": ["Strzelnicken", "Schützenau"] },
    { "nazwa": "Susz", "lokalizacja": "woj. warmińsko-mazurskie, pow. iławski", "inne_nazwy": ["Rosenberg in Westpreußen"] },
    { "nazwa": "Swaderki", "lokalizacja": "woj. warmińsko-mazurskie, pow. olsztyński", "inne_nazwy": ["Schwedrich"] },
    { "nazwa": "Szczupliny", "lokalizacja": "woj. warmińsko-mazurskie, pow. działdowski", "inne_nazwy": ["Sczuplienen"] },
    { "nazwa": "Szczytno", "lokalizacja": "woj. warmińsko-mazurskie, pow. szczycieński", "inne_nazwy": ["Ortelsburg"] },
    { "nazwa": "Szeroki Bór", "lokalizacja": "woj. warmińsko-mazurskie, pow. piski", "inne_nazwy": ["Breitenheide"] },
    { "nazwa": "Szeszki", "lokalizacja": "woj. warmińsko-mazurskie, pow. olecki", "inne_nazwy": ["Seesken"] },
    { "nazwa": "Szkotowo", "lokalizacja": "woj. warmińsko-mazurskie, pow. nidzicki", "inne_nazwy": ["Skottau"] },
    { "nazwa": "Szopy", "lokalizacja": "woj. warmińsko-mazurskie, pow. malborski", "inne_nazwy": ["Aschbuden"] },
    { "nazwa": "Szymanki", "lokalizacja": "woj. warmińsko-mazurskie, pow. szczycieński", "inne_nazwy": ["Schimanen"] },
    { "nazwa": "Szymany", "lokalizacja": "woj. warmińsko-mazurskie, pow. szczycieński", "inne_nazwy": ["Gross Schimanen"] },
    { "nazwa": "Świękity", "lokalizacja": "woj. warmińsko-mazurskie, pow. lidzbarski", "inne_nazwy": ["Adlig Schwenkitten"] },
    { "nazwa": "Święta Lipka", "lokalizacja": "woj. warmińsko-mazurskie, pow. kętrzyński", "inne_nazwy": ["Heiligelinde"] },
    { "nazwa": "Świętajno", "lokalizacja": "woj. warmińsko-mazurskie, pow. olecki", "inne_nazwy": ["Schwentainen"] },
    { "nazwa": "Świętajno", "lokalizacja": "woj. warmińsko-mazurskie, pow. szczycieński", "inne_nazwy": ["Schwentainen", "Altkirchen"] },

    { "nazwa": "Tolkmicko", "lokalizacja": "woj. warmińsko-mazurskie, pow. elbląski", "inne_nazwy": ["Tolkemit"] },
    { "nazwa": "Tynwałd", "lokalizacja": "woj. warmińsko-mazurskie, pow. iławski", "inne_nazwy": ["Tillwalde"] },

    { "nazwa": "Uzdowo", "lokalizacja": "woj. warmińsko-mazurskie, pow. działdowski", "inne_nazwy": ["Usdau"] },

    { "nazwa": "Waplewo", "lokalizacja": "woj. warmińsko-mazurskie, pow. olsztyński", "inne_nazwy": ["Waplitz"] },
    { "nazwa": "Węgorzewo", "lokalizacja": "woj. warmińsko-mazurskie, pow. węgorzewski", "inne_nazwy": ["Angerburg"] },
    { "nazwa": "Wielbark", "lokalizacja": "woj. warmińsko-mazurskie, pow. szczycieński", "inne_nazwy": ["Willenberg"] },
    { "nazwa": "Wieliczki", "lokalizacja": "woj. warmińsko-mazurskie, pow. olecki", "inne_nazwy": ["Wielitzken", "Wallenrode"] },
    { "nazwa": "Wielki Łęck", "lokalizacja": "woj. warmińsko-mazurskie, pow. działdowski", "inne_nazwy": ["Groß Lensk"] },
    { "nazwa": "Wiewiórka", "lokalizacja": "woj. warmińsko-mazurskie, pow. iławski", "inne_nazwy": ["Susannenthal"] },
    { "nazwa": "Wipsowo", "lokalizacja": "woj. warmińsko-mazurskie, pow. olsztyński", "inne_nazwy": ["Wieps"] },
    { "nazwa": "Witramowo", "lokalizacja": "woj. warmińsko-mazurskie, pow. olsztyński", "inne_nazwy": ["Wittmannsdorf"] },
    { "nazwa": "Wojciechy", "lokalizacja": "woj. warmińsko-mazurskie, pow. bartoszycki", "inne_nazwy": ["Albrechtsdorf"] },
    {"nazwa": "Wrocław","lokalizacja": "woj. dolnośląskie, pow. m. Wrocław","inne_nazwy": ["Breslau", "Vratislavia"]},
    { "nazwa": "Wydminy", "lokalizacja": "woj. warmińsko-mazurskie, pow. giżycki", "inne_nazwy": ["Widminnen"] },
    { "nazwa": "Wyszkowo", "lokalizacja": "woj. warmińsko-mazurskie, pow. braniewski", "inne_nazwy": ["Hohenfürst"] },

    { "nazwa": "Zaborowo", "lokalizacja": "woj. warmińsko-mazurskie, pow. nidzicki", "inne_nazwy": ["Saberau"] },
    { "nazwa": "Zalesie Kętrzyńskie", "lokalizacja": "woj. warmińsko-mazurskie, pow. kętrzyński", "inne_nazwy": ["Hinzenhof"] },
    { "nazwa": "Zalewo", "lokalizacja": "woj. warmińsko-mazurskie, pow. iławski", "inne_nazwy": ["Saalfeld"] },
    { "nazwa": "Zełwągi", "lokalizacja": "woj. warmińsko-mazurskie, pow. mrągowski", "inne_nazwy": ["Selbongen"] },
    { "nazwa": "Zimna Woda", "lokalizacja": "woj. warmińsko-mazurskie, pow. nidzicki", "inne_nazwy": ["Kaltenborn"] },
    { "nazwa": "Żytkiejmy", "lokalizacja": "woj. warmińsko-mazurskie, pow. gołdapski", "inne_nazwy": ["Szittkehmen", "Schittkehmen", "Wehrkirchen"] }
  ]
}
